,0,1,2,3,4,5,6,7,8,9,10,11,12,13,14,15,16,17,18,19,20,21,22,23,24,25,26,27,28,29,30,31,32,33,34,35,36,37,38,39,40,41,42,43,44,45,46,47,48,49,50,51,52,53,54
0,0.0,-0.18618779530195084,0.45483703498465644,0.7058699240631405,1.8140618006301956,2.0789791271210056,0.0,1.0526554652932951,-0.03779068252471873,-0.20464660960355374,0.0,0.0,-0.054487844171280386,0.0,1.8217556684229308,1.069866202569436,1.6457378833874436,0.5278166817604735,0.27554838945471616,0.0,-0.26999874628179654,0.0,0.0,-0.4334614013239424,0.36046738936459377,1.1613951385802679,1.8151797940978653,1.7819100365329632,0.0,0.3825097465879779,0.0,0.4039976497712594,0.0,0.0,0.07011971540951123,0.0,2.0363220204494326,0.8663011032416179,1.4976602573974596,0.9077745547060978,-0.9868305497332308,0.0,1.0521520939095197,0.0,0.0,0.07012023846524329,0.0,2.0363322738794487,0.8662962744446112,1.4976458334171383,0.9077783685055074,-0.986835584057566,0.0,1.0521523691065404,0.0
1,-0.1101929972487703,1.103322097858861,0.0,3.4704604273719575,0.10527925635566149,1.3466925521671058,0.6585699313509608,-0.8033380838957882,0.0,1.1579576507510403,0.0,0.0,0.4600670938250673,0.7094423572916675,2.4754840583094406,0.26169353516030114,1.7469665760163622,0.0,-0.5560592845550438,0.0,1.0128069735607426,0.0,-0.5886712785562409,1.2291861276824356,0.0,3.3611568019665583,0.0,1.4691139073263138,0.0,-0.35576023571657345,0.1582458169413492,1.289829049196367,0.0,0.0,0.43355436256380386,0.6197762901288151,2.774151274914516,0.0,1.7975225062973443,-0.4223888570155765,-0.4376634160045967,0.3002999944291318,1.6123545914340731,0.0,0.0,0.43356861671393077,0.6197765229984498,2.774141765441396,0.0,1.7975185049405873,-0.4223919701264123,-0.4376626184936505,0.30029646667095733,1.6123453517669972,0.0
2,0.46672309511643917,0.6936424130215002,1.8252573392072868,2.0724071376062803,0.0,1.0579806760319777,-0.049140219331178514,0.23777950662120517,0.0,0.7321942880738064,0.0,0.0,1.811058564869672,1.0863723788860469,1.6267596373798376,0.5444564029561505,0.2667231888139554,0.0,0.16944696449661123,0.10255774338299162,0.5264646553361452,0.0,0.3754232065212193,1.147537858258918,1.8307312637404927,1.7758951968480652,0.0,0.3827468022522318,0.0,0.8803435823027783,0.0,0.798206851612715,0.0,0.0,1.9608205384608723,1.0109126014996583,1.3520765190357942,1.048935988732147,-1.0564689500597524,0.0,1.6006992942492637,0.02701800870958948,-0.14716671470429432,0.0,0.0,1.960828676284354,1.0109119502637043,1.3520579660311505,1.048943893079457,-1.0564760121305916,0.0,1.6006986059519335,0.027008989590804333,-0.14714880178683387,0.0
3,-0.07676103579647986,3.3962758558032213,0.29905350299728184,1.1480444226068087,0.8466748152517134,-0.8950038632686841,0.0,1.3014539999724128,0.0,0.5947568864648645,0.0,0.7512596401457294,2.4209481787583975,0.3041501613710196,1.7180628417967192,0.0,-0.5537924357605029,0.0,1.0534247917761697,0.0,0.3539979056778719,0.0,0.0,3.177522218722384,0.3436071976917532,1.2919400687315452,0.0010656018972099446,-0.5268111247244356,0.5005841694086577,1.2763067480548784,0.0,0.5841012805787749,0.0,0.5528537771511743,2.7919306106317876,0.0,1.7582918279178905,-0.35947214108738024,-0.4353771805733153,0.23767139003396665,1.2892857640635746,0.0,0.01603385701036686,0.0,0.5528579588625071,2.7919192519799907,0.0,1.7582897577032242,-0.3594789957946709,-0.435376405167176,0.2376716508719845,1.2892840817417373,0.0,0.01605131958806183,0.0
4,1.905100781685487,2.012894345005911,0.0,1.095333640992635,-0.13745553137658462,0.2805667632377329,0.0,0.9500802623302107,0.0,0.011205197844965653,0.0,1.078264395362627,1.6131421375114918,0.5408139890588082,0.2643056100190222,0.0,0.1677973257763199,0.10239964553262482,0.6759299024921006,0.0,0.01743932141939908,0.0,1.8423505233631232,1.7501124840953786,0.0,0.37993744706170673,0.0,0.8739222418222781,0.0,1.002798525287396,0.0,-0.32295853123649465,0.0,1.1190286053816223,1.229314762693523,1.1542712127338817,-1.1052892077325183,0.0,1.5345022689920107,0.1379499892872893,-0.02099862903035543,0.0,0.6673052012489578,0.0,1.1190265379691589,1.229297741705082,1.154277692969785,-1.1052955416082533,0.0,1.5345022726473978,0.1379396765696761,-0.02097615429779154,0.0,0.6672967386435857,0.0
5,0.4579532991725088,0.9767798196674171,0.9978322080697488,-0.9658592519965481,0.0,1.2894549542383338,0.0,0.4844598418751289,0.0,0.6338904383614619,0.0,0.4534088033609329,1.6301724237924198,0.0,-0.5498493100248858,0.0,1.0459427291117152,0.0,0.28351517230351675,0.0,1.118262772721934,0.0,0.22186998175133255,1.3393191773414692,0.0,-0.46263568843665226,0.37878378701927673,1.3227195965426652,0.0,0.3590434718661939,-0.09065697184595933,0.3771980266488839,0.0,0.0,1.8315785152459796,-0.5343176744190714,-0.43193347990477804,0.4144513109513248,1.1887285233901146,0.0,0.2587533119678298,0.0,-0.0491635274519453,0.0,0.0,1.8315777347873485,-0.5343269573057974,-0.4319327249945104,0.4144540718747258,1.1887256360749276,0.0,0.25876440902941056,0.0,-0.04917653743854444,0.0
6,0.0,1.3938759030983405,-0.7499456932253956,0.5599932959763798,0.05210873881864586,0.9176065848921944,0.0,0.38068687596632955,0.0,-2.8992382717529352,0.0,0.6821942106645551,0.19212986967378498,0.0,0.09618568085176804,0.2441104155071372,0.602839737906713,0.0,0.37591692125893417,0.4701945041830413,-3.3212379322370644,0.0,0.31965400113200815,0.33272226777842917,-0.22716972486884757,0.8256173432392266,0.3189168255557817,0.8407745287366097,0.0,-0.0224030788635865,0.0,-3.818109124699376,0.0,1.2388599747351847,-1.1458929467153212,0.0,1.4869324226879144,0.2243559568109177,-0.06429083874825992,0.0,0.5197726503545219,0.0,-3.1632305124113635,0.0,1.2388647144843112,-1.1458984233797764,0.0,1.4869333472950608,0.2243439411381054,-0.06426756052579918,0.0,0.519760819426196,0.0,-3.1632256929709612,0.0
7,0.11774704110250056,-0.5245067504279,0.0,1.2824956731864567,0.0,0.4818681573678596,0.0,-0.10956093019940383,-1.7558487839789194,0.062413858832854885,0.0,0.0,-0.5457928538932677,0.0,1.038245346224187,0.0,0.28144243630494614,0.0,0.43106317330678934,-2.277377209033471,1.4136055163283423,0.0,0.0,-0.27180540916971196,0.0,1.5050037491602275,0.0,0.3123006374098125,0.0,-0.47937506408137764,-2.444697658997974,1.54968791605814,0.0,0.0,-0.490425488303714,0.0,1.391268001772339,0.0,0.2579311700563913,0.0,-0.7289948169044713,-1.6286492943338615,2.112385511252146,0.0,0.0,-0.49042801321039775,0.0,1.3912665459203666,0.0,0.25794224091297835,0.0,-0.7290059923039216,-1.6286448408957988,2.1123869954792873,0.0
8,-0.7135714959616735,0.5615323928767957,0.013764943239902294,0.9395300220313096,0.0,0.3817908065315123,0.0,-2.493424636361574,0.0,4.182728395790392,0.0,0.0,0.1817825934129047,0.07460057319068625,0.6900862508271821,0.0,0.46145294227715183,0.3037322563957723,-2.793899730335614,1.229984287665964,3.411136164937112,0.0,0.0,0.8717607925801119,0.0,1.000341434776253,0.0,-0.022408331333156895,0.0,-3.3185740196639557,1.4106552839461273,3.4312433862279335,0.0,0.0,1.5979141477566294,0.008653176633721671,0.04358870637721779,0.0,0.520758660720233,0.0,-2.6031521892447174,1.7059918757700743,2.651162471198454,0.0,0.0,1.5979142502873245,0.008642802768132896,0.043611203521720654,0.0,0.5207468121169789,0.0,-2.6031476378836516,1.7059919178995742,2.651161069023278,0.0
9,0.0,1.28444357179891,0.0,0.482593593260372,0.0,-0.38199112120311796,-1.2099097773234924,0.8140835559975024,1.72235003585417,-0.22183599938996323,0.0,0.0,1.043699844086099,0.0,0.2829112335786199,0.0,0.16084360481913862,-1.7388650075750967,2.1037865752329132,1.0494961312324413,-0.22240726208675454,0.0,0.0,1.5085971213271598,0.0,0.31303952425130177,0.0,-0.7084070154576239,-1.9896623313120365,2.366902726324316,0.8549636532912075,0.1975673962466118,0.0,0.0,1.39879769313902,0.0,0.2593155849965889,0.0,-0.8578527941343062,-1.3857414534500734,2.8006940188331164,0.4992430291902217,0.6465918604591891,0.0,0.0,1.3987962583549063,0.0,0.259326720530062,0.0,-0.8578635137379109,-1.385738084392596,2.8006937476432903,0.4992466268500806,0.6465993691106675,0.0
10,0.11831776610318201,0.8859372461888171,0.0,0.37837135014360257,0.005769952268064316,-2.529885831668288,0.07419362092129234,3.7787102826165153,-0.5013815782402453,-0.24117097645621755,0.0,0.0,0.7258727614144256,0.0,0.5311991916111758,0.1618802787016982,-2.645089240277443,1.0832925691526718,2.9725933801203475,-0.15651293551668388,-0.947427151717406,0.0,0.0,1.0007908353096617,0.0,-0.022418349044706076,0.0,-3.319679397961206,1.4105018103119704,3.0175365843621016,0.0,-3.800872723779136,0.0,0.04722826806169422,0.02438516794613932,0.0,0.5216398827299962,0.0,-2.627282611872239,1.7479431411556945,2.562770517530044,0.0,-4.674397896448745,0.0,0.04721893929779952,0.02440716822524891,0.0,0.5216279835718041,0.0,-2.6272784394587134,1.747944153924763,2.56277336197126,0.0,-4.6743771554673685,0.0
11,0.0,0.4869481147049548,0.0,-0.3822347148807026,-1.2273517817990687,0.821525967379344,1.7442136415846576,-0.1651310443395282,0.0,-5.3516123982907615,0.0,0.0,0.28327568333494924,0.0,0.16016439541273186,-1.7393303663039816,2.1064884157870445,1.0490758681895862,-0.44188242179625803,0.0,-3.1409475344833737,0.0,0.0,0.31514729649257944,0.0,-0.845727456943024,-1.7356864566083985,2.3798814493590115,0.5979355570602252,-0.8446427821274582,-1.015943836845512,-3.2224584281503432,0.0,0.0,0.2594714581324986,0.0,-1.1667024258209757,-0.7665840919431233,2.740801880749988,0.0,-0.20144255811498368,-2.3579933668123942,-1.4152732564197024,0.0,0.0,0.2594825863098116,0.0,-1.16671225605387,-0.7665823604027899,2.7408041140452255,0.0,-0.20142995662588703,-2.357984724493889,-1.4152864181036229,0.0
12,0.0,0.38136787992844035,0.0,-2.4906332048178825,0.0,3.5664719448541327,0.0,-1.5589802426499766,-3.206680488666791,2.48516935559131,0.0,0.0,0.6116804022936684,0.0,-2.261888403259249,0.48432258533379624,3.189920206694019,0.0,-1.8297249352080769,-1.2930139345340486,1.1413986605924187,0.0,0.0,-0.022471810826019123,0.0,-3.1451606607197924,1.051052813308928,3.2050956516440188,0.0,-4.491842313815919,-0.6494329579005864,3.077124800911424,0.0,0.0,0.5219607013125405,0.0,-2.617943681565915,1.7272795743381586,2.575119148306282,0.0,-4.816818723693217,0.0,3.157833931914844,0.0,0.0,0.5219488060933308,0.0,-2.6179380784806305,1.7272776807091716,2.575123509309485,0.0,-4.816806456193667,0.0,3.157820455732896,0.0
13,0.0,-0.5642604543796281,-0.8549776789043229,0.8173606602650096,1.3741711338560059,0.01621074585909099,0.0,-4.0864145114201555,1.1384020039587384,3.824378530061523,0.0,0.0,0.07896353567131698,-1.5742690436664653,2.102840900726921,0.8875203861672176,-0.36156911146472126,0.0,-2.1522823257085655,0.0,2.5806602729094408,0.0,0.0,-1.1090128386237907,-1.1907911945559846,2.363517016134864,0.06751363132488919,-0.8433593990713639,-0.4781712874817323,-1.9836034737203967,0.7992681311271177,3.1612984273816203,0.0,0.0,-1.4160973084903716,-0.2582475109432991,2.479736696486956,0.0,-0.44897715785516823,-1.8503393684310865,-0.2739832995779956,0.5253479986486731,2.184701565070224,0.0,0.0,-1.4161069726623232,-0.2582462782987349,2.479739332022568,0.0,-0.44896434669681184,-1.850331447593856,-0.2739998110172337,0.5253503027982553,2.1847242303845604,0.0
14,0.0,-2.495480489477231,0.0,3.5733759122932973,0.0,-1.7276812170340605,-2.876424345016737,3.5605071499367646,0.1409909677477117,0.9261837449501265,0.0,0.0,-2.2033536344153504,0.3611867371628996,3.256695921326269,0.0,-1.8935314139298498,-1.1723168317960386,1.8887355174071807,0.0,0.9440398781300985,0.0,0.0,-3.082412238293575,0.9162893781254233,3.2791782677191073,0.0,-4.569283317041162,-0.5124162064503501,3.7472638757975574,0.25276049562723557,1.1436817226474716,0.0,0.0,-2.620773422804401,1.7218680334653236,2.58861794171672,0.0,-4.832092327941417,0.0,3.582203488832736,0.0,1.5963249939122015,0.0,0.0,-2.6207669853547166,1.7218645108842523,2.5886231241647017,0.0,-4.8320800248204065,0.0,3.5822031729474624,0.0,1.5963073985587606,0.0
15,-0.8498322064762753,0.8180356717888415,1.3695199468952701,0.01911123785980351,0.0,-4.0869114082839,1.1334128625221318,3.681547877664215,0.0,-0.21219528908877905,0.0,-1.577926695778853,2.1036922238764966,0.8908505284077606,-0.3631956198125508,0.0,-2.153116801922561,0.0,2.6531610092620284,0.0,-0.4953595256161236,0.0,-1.1872090281354275,2.3659760336852464,0.0628142529857989,-0.8442700092711419,-0.4738587390065163,-1.98568931254135,0.7952236710057292,3.374886821104628,0.0,-0.5099356538729616,0.0,-0.21214090325551993,2.4606829853856205,0.0,-0.47257950213506206,-1.80741253522676,-0.27439469139398653,0.47972254301438255,2.801486579347312,0.0,-1.0376842452896717,0.0,-0.21219484243548692,2.4612967581650658,0.0,-0.4726817080613621,-1.8078553757608695,-0.2744800830655869,0.4798470781760322,2.80218380541557,0.0,-0.7980981268677745,0.0
16,0.0,3.574969512152304,0.0,-1.7063639631438754,-2.9225359244262172,3.562907089277001,0.18488731917614132,0.8732388338526853,0.0,-2.6423340766975834,0.0,0.41692399203334674,3.2273528039186594,0.0,-1.8651772353860174,-1.2271605543191733,1.9157426934919286,0.0,0.6602210970383382,0.0,-0.8644972033433618,0.0,0.8750728057967727,3.296382687907151,0.0,-4.5855814388030325,-0.47111804904371724,3.7431458337584544,0.21315698467709865,0.8028192409804902,0.0,-1.6972664538327464,0.0,1.4669243353182537,2.7119706891520323,0.0,-4.827710673263486,0.0,3.578935008864903,0.0,0.9323996885539643,-0.3015918284825503,-0.1869834166827289,0.0,1.5239105728785063,2.6850921256374782,0.0,-4.829672606517832,0.0,3.5804073588815655,0.0,0.96007423696296,-0.11675016014009998,-0.1581305172825509,0.0
17,1.5350806360757474,-0.06311972986576819,0.0,-4.172320072254632,1.303718781954899,3.596597326894546,0.0,-1.3245417162878859,-0.3695365743602075,1.8682023011086457,0.0,1.6410831493102407,-0.7360615922193503,0.0,-2.462214945472674,0.6238674645843822,2.337630322477935,0.0,-0.7834758392347929,0.0,0.44466950334944855,0.0,0.5521578765019797,-0.8417258549105355,-0.9681339634176389,-1.9895276924924765,1.2984157651639627,3.122466131626922,0.0,-1.1724129979926445,0.0,0.8885313600434763,0.0,0.0,-0.32191005495816327,-2.1071175590948954,-0.27434972187396767,0.7844789386542317,2.644523945545618,0.0,-0.7964341126416308,0.0,-0.3721671921905312,0.0,0.0,-0.32200105052737626,-2.1077759320665024,-0.27445470875182565,0.7847284695651879,2.64536990465265,0.0,-0.5572302902302262,0.0,-0.3722684316622704,0.0
18,0.0,-1.8592268630317932,-2.588756133024983,3.478053784976254,0.0,0.9620913333690417,0.0,-1.2543292763084857,0.2517803544911601,0.6886441357399242,0.0,0.0,-1.739386500095197,-1.4692337897821872,1.9469105181177504,0.1754099775926221,0.5710756898486657,0.0,-0.49443672550815165,0.0,1.3958853829365125,0.0,0.0,-4.4914886857443825,-0.6580004057936684,3.745874896569834,0.39345470955449713,0.7126372895358557,0.0,-1.0352272893713987,0.24552340168613185,1.5326477719079357,0.0,0.0,-4.83164358927306,0.0,3.5391681517433327,0.08538297512616921,1.1880131016979156,-0.8987213932060811,-0.19534210350773407,0.0,2.0803882374576865,0.0,0.0,-4.8344181495079575,0.0,3.5059750008933577,0.1558838646587013,1.1882394562309884,-0.7284528300993465,-0.1595481861178527,0.0,2.081458407512038,0.0
19,0.0,-4.398204513237847,1.7462773388305486,3.380514253525835,0.0,-1.111494350891551,-0.7993473818315167,1.7504424017266373,0.0,0.5195822834168418,0.0,0.0,-2.689155057504511,1.0690306920580817,2.1201902032331077,0.0,-0.7847062705288899,0.0,0.8810587992099883,0.16120951994489374,0.12397664565533262,0.0,-1.2322446244060536,-1.9997168435595292,1.5686676916145892,3.002386580413763,0.0,-1.176734577989702,0.0,1.3307879025750147,0.0,1.029412922657702,0.0,-2.0760139676009537,-0.2750591177796302,0.7494257382723468,2.670253470416295,0.0,-0.7985793212455405,0.0,0.8220617245539685,0.0,0.45760466697473134,0.0,-2.0769550836443607,-0.2753024553379113,0.7492900843424799,2.672806834425856,0.0,-0.5590035334274823,0.0,0.8226966645977107,0.0,0.4579641911188759,0.0
20,-2.619400689512652,3.497237796876007,0.0,0.9636857927079134,0.0,-1.2692836556448484,0.2779113613240014,1.1043233049774948,0.0,0.5971384722458062,0.0,-1.5140583453605139,1.946723037834186,0.2200670201711219,0.5485599132820873,0.0,-0.49427973535829395,0.0,1.2411817699215177,0.0,-0.22874292747516733,0.0,-0.6977769500768893,3.753212562859698,0.4313587464713997,0.6952919568060878,0.0,-1.0556498161251149,0.28317232934007563,1.814098555627286,0.0,0.13890874909225914,0.0,0.0,3.543611596021634,0.07395839078618849,1.1876688680950487,-0.8871042911878568,-0.20095254742962254,0.0,1.716807647915175,0.0,-0.3391293493616665,0.0,0.0,3.5148568698003757,0.1373825161981479,1.1882270571111242,-0.7100590711388577,-0.16872450374156855,0.0,1.7441649949113902,-0.05210382203459929,-0.3133421098212352,0.0
21,1.747203812251641,3.383857852451122,0.0,-1.1127978084313206,-0.7994067041929398,1.751664573152123,0.0,0.6061846487985356,0.0,-2.8925444347446927,0.0,1.1162262734202955,2.0985594478128533,0.0,-0.7852448205229123,0.0,0.8590690255634748,0.20646633979577445,0.06432528186994801,0.0,-1.9876828206726316,0.0,2.1858107048342568,2.6948182488760075,0.0,-1.1761534805869722,0.0,1.3301312349519812,0.0,0.9503806587058072,0.0,-2.704177279124398,0.0,2.0469400758417855,2.023374484655882,0.0,-0.7978900959137114,0.0,0.23373149990986164,1.1718088111185132,-0.11451867430967155,0.0,-1.857159001045705,0.0,2.0472753433370627,2.0249062521940253,0.0,-0.5583792456010706,0.0,0.2328239260362963,1.174461956675632,-0.11559579918518637,0.0,-1.8581036276385632,0.0
22,0.625522873475326,0.6440844593229578,0.0,-1.626799656135347,1.0078027356104968,0.7310934996199947,0.0,-0.37435928404363494,-0.9915730149741897,0.48132210990541324,0.0,0.4981768671425968,0.4070442597886803,0.0,-0.49224702228931605,0.0,1.2360963624202803,0.0,-0.7721120717376628,-0.8425808352368058,0.9513625594073538,0.0,0.22287688760611601,0.788560472799027,0.0,-0.9413552716351248,0.07644977104419581,1.8942908975017048,0.0,-0.5855471058628048,-1.1434769379484955,0.9737096327575578,0.0,0.0,1.1263037923450625,-0.7072893404127534,-0.2839697955834275,0.0,1.6976301832635876,0.0,-0.7871964249515528,-0.9493452893584831,0.9885310762297372,0.0,0.0,1.145183134446448,-0.5068081238730926,-0.2646303767115832,0.0,1.6984795612815518,0.0,-0.768246244393822,-0.9886907360519892,1.0085455810098232,0.0
23,0.0,-0.8119584833487181,-1.3797032632523631,2.0324163217685154,0.0,0.6013074607820634,0.0,-2.258113554829233,0.2558317564513857,1.4306576276641003,0.0,0.0,-0.7804783745601007,0.0,0.794190460869082,0.3243942052033155,0.004429429910324245,0.0,-1.6197897973740716,0.7956092489527222,0.3764852740922642,0.0,0.0,-0.9744149978889283,-0.3845187451843479,1.5116546557012,0.0,0.9426655297043673,0.0,-2.211838791170795,0.7764692443627652,-0.10061054632410915,0.0,0.3274423677622984,-0.9563294584288506,0.0,0.054295241201796074,1.5177581211919922,-0.2893407470319076,0.0,-1.4196307026981714,0.5985542592330972,-0.6152937479025233,0.0,0.32551253659063306,-0.7170162370696787,0.0,0.054219521574960794,1.5176414232549895,-0.2893600684107156,0.0,-1.4194501323747666,0.5985760330316836,-0.6152444680973979,0.0
24,0.0,-1.7297004934726523,1.2114974248337518,0.6303481606992456,0.0,-0.27381864721691684,-1.1945183718308883,0.9955426987658278,0.0,-0.8466109910221675,0.0,0.0,-0.4928795239612427,0.0,1.2376787611440676,0.0,-0.6339925714979877,-1.1232517525742836,1.1054623395196472,0.0,-1.2976054296795603,0.0,0.0,-1.037820102804865,0.26032993094000645,1.8118957005754943,0.0,-0.49791992520908934,-1.3311714610943604,0.7867575314111974,0.0,-2.765939517194216,0.0,-0.9973099899495352,-0.14230600541127458,0.0,1.759055657178532,-0.10189878317374834,-0.5987495131463128,-1.2414593488598413,0.8249726117836254,-0.41450478854176964,-2.6342562454724217,0.0,-0.7926044864651871,-0.1158227526343758,-0.016731549088699893,1.785093354849998,-0.1375186343305579,-0.562956681333393,-1.277436768333562,0.8610589235101607,-0.4505524923805737,-2.6159946881667118,0.0
25,-1.3576898744771526,2.0493712714550583,0.0,0.6137628233627623,0.0,-2.279669706176346,0.2100588638938916,0.8476482042643063,-0.00587553547486408,-7.792037365156457,0.0,0.0,0.9277533250354963,0.09360168362082533,0.12282832365793084,0.0,-1.5302649821760994,0.5712632408441998,0.025341395840072778,-0.3737759513143146,-5.8199347609403596,0.0,0.0,1.3573133070632792,0.0,0.9695775679582574,0.0,-2.054277377312541,0.35797926593525986,-0.5853335176277064,-1.126617573275901,-8.085042677423981,0.0,0.0,0.3577327364968852,0.9528345981709485,0.002301734622722762,0.0,-1.1502854401457263,0.00814542218039449,-1.0687926200302122,-0.8631515089448705,-5.767547360371417,0.0,0.0,0.357740049052957,0.9528190443200302,0.002308371570425294,0.0,-1.1502631018875498,0.008117420898656746,-1.068770538262509,-0.8631739521702819,-5.767514206879465,0.0
26,0.0,1.2595514148003417,0.0,-0.887072297535596,0.0,0.4046283646466975,0.0,-2.493532057042458,-3.775194353370104,-0.4530014136500782,0.0,0.0,1.2634298465775018,0.0,-1.2188789609474782,0.0,0.5535765890493316,0.0,-2.335294787704889,-3.2911215459972887,-1.6147789245297695,0.0,0.0,2.0014979654866316,0.0,-1.1967411868419653,0.0,0.12260770582317448,0.0,-4.31874004056283,-4.396935582472938,-2.6848737796401068,0.0,0.0,1.759540023762618,0.0,-1.1315943565537445,-0.35034915447909043,0.17046406867473607,0.0,-3.7442452592217457,-3.4215176733231267,-4.460170393852625,0.0,0.0,1.759536412639573,0.0,-1.1316007751680068,-0.3503264061190947,0.17045175426275705,0.0,-3.7442526923380903,-3.421493912965712,-4.460185250106807,0.0
27,0.0,0.6237276365489208,0.0,-2.4769034057483097,0.5327519634608535,0.860233217640527,-0.3221215894127383,-7.2344865015763204,0.23417184875853536,-4.629042098003566,0.0,0.10204544431857698,0.12066131524557377,0.0,-1.5526189296185322,0.5856485902231867,0.025649831576401994,-0.38572793766089575,-6.171745951002983,0.0,-1.8922405653516883,0.0,0.0,0.9822249441556075,0.0,-2.1018643529673753,0.40392113020164544,-0.592963651090006,-1.183282681873088,-8.74444762088995,0.0,-0.4339139493914068,0.0,0.4548872032255069,0.25767733231809586,0.0,-1.1637397450945386,0.0,-1.3423238264054227,-0.35274215737581827,-7.21608547793684,-1.4026424340765509,0.5318199961778625,0.0,0.454871376421373,0.2576841258816742,0.0,-1.163731323014705,0.0,-1.342315654143711,-0.3527649319239323,-7.2160520374687565,-1.402662125817944,0.5318230317828743,0.0
28,0.0,-0.8713704590579852,-0.07552593938520147,0.452483029674422,0.0,-2.407167554116718,-4.177900513292165,-1.9263146051387459,-1.8950826078926397,-3.699769601293923,0.0,0.0,-1.1572438899372983,-0.17253024645809134,0.6510861305450533,0.0,-2.28818338084249,-3.55330103624123,-2.362678799350615,0.0,-5.1047125419299455,0.0,0.0,-1.183060808687575,-0.07118565861672366,0.16046347406337702,0.0,-4.28957234135261,-4.709319813981772,-2.554898051660004,0.0,-5.117076098413165,0.0,0.0,-1.331961660582781,0.0,-0.004958923585451913,0.0,-4.008124685177616,-3.1071210626439694,-3.9055508074921086,0.0,-6.413103226229655,0.0,0.0,-1.3319566242477876,0.0,-0.004959861845144076,0.0,-4.008131586663577,-3.107098195413993,-3.9055635321952664,0.0,-6.413102969837237,0.0
29,0.0,-2.4478644576002573,0.32903277249740626,0.8897598315170896,-0.1134543209050598,-7.4749770243421665,0.006050120715528351,-5.381641848743524,-0.6758298462535173,-10.438325498216017,0.0,0.0,-1.2860522165441424,0.0,0.12803938951817528,0.0,-6.5048685077649715,0.0,-2.8498958304182587,-2.473527407910492,-3.816251074593069,0.0,0.0,-1.955869645665409,0.0,-0.7227190616531765,-0.5764730014632846,-9.344831904643325,0.0,-1.604238222998866,-2.9336109335898364,-8.097821181417686,0.0,0.0,-1.1872086515497315,0.0,-1.5495855132557246,0.0,-7.8617773927549095,-0.8086171070255332,-1.2275641298077566,-4.2708235769922,-1.6065269348350952,0.0,0.0,-1.1872001178228508,0.0,-1.5495888496904975,0.0,-7.86175226575736,-0.8086432651537301,-1.2275552616551444,-4.2708308134653095,-1.6065389090328175,0.0
30,0.0,0.41963222867131833,0.0,-2.570701449915447,-3.954654439059535,-2.234527462193281,-1.6306360350546,-5.812020992813327,-5.560908994882396,7.927306363922426,0.0,-0.2317007440483465,0.6804174757636616,0.0,-2.2568846793412867,-3.6128236707797967,-2.33017067986383,0.0,-6.123290912242485,-0.7751447551669344,7.329940798634738,0.0,0.0,0.12555690257958219,0.0,-4.37770238814057,-4.606515753235563,-2.6374875393900155,0.0,-6.824033002678931,-3.354553621813583,6.894866952935708,0.0,0.0,-0.004926328583287898,0.0,-4.003994784796561,-3.0393339222248628,-3.900913096317815,0.0,-6.39575905907801,0.0,9.440296173447305,0.0,0.0,-0.0049272608049655275,0.0,-4.004000551763731,-3.039313729953008,-3.9009246074610537,0.0,-6.395766343342935,0.0,9.440304835490831,0.0
31,0.0,0.9776082553793586,0.0,-7.374181828586757,0.0,-5.590806692324168,0.0,-8.434148619802784,5.927580487492712,9.707733061268708,0.0,0.0,0.12603561525716955,0.0,-6.399807017092218,0.0,-3.8137865767144064,-0.3920481814283505,-2.7634004055991923,4.420802172760663,2.770268214865812,0.0,0.0,-0.990911761111235,0.0,-9.436276473783423,0.0,-2.5241617118473947,-0.9411819150636269,-6.583576243487688,4.127241178469632,5.221789051098824,0.0,0.0,-1.5248852904903742,0.0,-8.126969231381409,0.0,-2.733889366159481,-1.8989145474004765,-0.060280629680242725,4.21008451185001,-0.8964689774157542,0.0,0.0,-1.5248885784783894,0.0,-8.12695736561393,0.0,-2.7338998255697966,-1.8989089418436578,-0.06029481373026613,4.210092866213611,-0.8964785504973705,0.0
32,0.0,-3.5195205367944737,-1.9256048562640515,-4.016649672309747,0.0,-7.667121583023029,-3.1995174887325284,9.565520839563035,2.040443405099346,0.2276757405572205,0.0,0.0,-2.3741692183937957,-3.3255453746915187,-2.450794639979037,0.0,-6.230816457647403,-0.4748273579113338,7.5769469228681885,0.0,0.23428050091869324,0.0,0.0,-4.651728156432533,-3.88175688728154,-2.943791405162255,0.0,-7.106387772892564,-2.5450061296822035,7.947501023794867,0.0,4.200168828802653,0.0,0.0,-4.039254803098924,-2.8820953787985992,-3.936793126613569,0.0,-6.340943149925238,0.0,8.21072470976052,-1.073982632908077,3.5985717328446576,0.0,0.0,-4.039263308078045,-2.8820697371550352,-3.9368073973887086,0.0,-6.3409503866625805,0.0,8.210737416197933,-1.0740037656535861,3.5985828934127717,0.0
33,0.0,-7.316474851482457,0.0,-5.544154331466,0.0,-8.194960725864764,5.5555270316961725,8.518121670325929,0.0,-1.6071472489280758,0.0,0.0,-6.351629463800901,0.0,-3.7705434510711733,-0.4150190002575549,-2.7410695530329043,4.411132921912042,2.6332941429304313,0.0,-1.4262416089120933,0.0,0.0,-9.30812435460373,0.0,-2.5193117597242853,-0.8641109035448125,-6.481349181021923,3.9972476402168056,6.518176270753795,0.0,0.7041943121533834,0.0,0.0,-8.009902792051982,0.0,-2.8645012482266807,-1.5221609260578361,-0.05923079014102939,3.8017797013325527,1.66603202066824,0.0,-1.0963181811032285,0.0,0.0,-8.009891014729043,0.0,-2.864513063510188,-1.522152284799727,-0.05924472551201987,3.8017847824911577,1.6660276912910277,0.0,-1.0963253329446587,0.0
34,-1.9918047135969452,-3.917919772782952,0.0,-7.508751739189279,-3.2569689320706807,9.433865065947167,2.108624870767084,0.015401552321314682,0.0,-5.049870264902889,0.0,-3.386135077890451,-2.374287407977338,0.0,-6.104669090953152,-0.5764279042177023,7.542595906548666,0.0,-0.42554370505341055,0.0,-3.717890982154959,0.0,-3.802290111311102,-2.8832272086477317,0.0,-6.951803021662073,-2.4851571366602876,7.769335791005094,0.0,3.806677885472798,0.0,-4.002527583255677,0.0,-2.714524776000271,-3.9268619105262026,0.0,-6.222652685974328,0.0,7.997780989146985,-0.9318961179856089,2.2987295375519246,-1.0342928231806603,-2.5846689451379135,0.0,-2.714498025761891,-3.9268767217291334,0.0,-6.222659797219698,0.0,7.997792674084803,-0.9319152489219107,2.298742784656138,-1.0343095283262826,-2.5846541121268274,0.0
35,0.0,-5.505514222186214,0.0,-7.860094337966128,4.980096770232123,8.717781255206258,0.0,-3.7966439808315045,-0.454934316199207,-9.3039497298129,0.0,0.0,-3.8289719027194025,-0.24492177669488413,-2.7198543644989748,4.212404941959846,2.6983698596015238,0.0,-2.9291397121469664,0.0,-6.15309237517403,0.0,0.0,-2.5462974265385796,-0.7249026884924348,-6.379292975231543,3.8032229518036864,6.488749216004663,0.0,-1.133005419757449,0.0,-8.8273745429297,0.0,0.0,-2.8116934324835086,-1.6028129349310305,-0.05904169747834587,3.8734692032865503,1.6184705275273714,0.0,-1.781927897306268,0.0,-9.23602888192816,0.0,0.0,-2.8117039485469064,-1.6028071144543077,-0.05905559131464955,3.8734771126796907,1.6184649415827757,0.0,-1.7819292035635037,0.0,-9.236033546282663,0.0
36,0.0,-7.3873082276368685,-3.4198733528055136,9.39860050690351,2.2627497810762343,-0.06541401262198931,0.0,-7.834092014665206,-1.2378036342923338,2.2355334317220255,0.0,0.0,-5.893769735921062,-0.9607532627422977,7.713490920987542,0.0,-0.42429622154944724,0.0,-4.589963787354101,-2.816853232855898,2.1355240885913673,0.0,0.0,-6.776139043919915,-2.7716977682436195,7.886969766510088,0.0,3.7914156815870292,0.0,-5.7566128437871456,-3.318269671542229,0.6210235204532566,0.0,0.0,-6.196476806988649,0.0,7.576991296691382,-0.1511705073204972,1.5178142163815522,-0.2633236574761,-4.587635783529986,-5.1332151034907625,5.437033519711854,0.0,0.0,-6.1964838320529125,0.0,7.576998006300073,-0.15117976043619308,1.5178176410899802,-0.2633305861769131,-4.587627649416692,-5.133221612993477,5.437028789363296,0.0
37,0.0,-7.585946163850377,4.563429014115794,8.797348003685368,0.0,-3.922741693855336,-0.11625270348458727,-6.791110720631277,0.0744208613270736,2.6008171815686154,0.0,-0.11568614572059488,-2.707801521590625,4.067292407788514,2.75189157463398,0.0,-2.918500400767332,0.0,-4.597649532651982,0.0,-0.3812751718054841,0.0,-0.6946575127788179,-6.347733254797294,3.7564883111727454,6.472562646011948,0.0,-1.1279011786157866,0.0,-7.53916973323161,0.0,2.1830391434286334,0.0,-1.454567854345079,-0.058503510141250104,3.7079674161378584,1.670871336503943,0.0,-1.7675516495428312,0.0,-6.2761823138322015,1.5092201294874208,-0.8729973044543371,0.0,-1.4545669987141352,-0.05851727635457493,3.7079800213899894,1.6708633145665175,0.0,-1.7675528740045188,0.0,-6.276184963414,1.5092141225480304,-0.8729782618464021,0.0
38,-3.607326820338841,9.508848813471271,2.422204558059704,-0.1332825899589274,0.0,-7.844922306036128,-1.3981629943866203,2.381581056933957,0.0,-8.439186453936909,0.0,-0.9669489916896978,7.787771863677939,0.0,-0.4283296657229485,0.0,-4.636483715530293,-2.841785499537419,1.2473613752598922,-0.09112880029631398,-5.1649512808405795,0.0,-2.728992600955138,7.965178737922329,0.0,3.8467646232624553,0.0,-5.882934829711672,-3.285230107151449,1.0738009180775165,0.0,-9.216712439082109,0.0,0.0,8.038598218519244,-0.6568134617713106,2.056369818509829,-0.7651795816886242,-4.2047196683359545,-5.813309593088611,4.432388287772948,-0.8497645704744095,-12.549121548957132,0.0,0.0,8.038606574430407,-0.6568260288989158,2.0563763856823236,-0.765189741875183,-4.2047081632613725,-5.813319536083306,4.432384670939626,-0.8497460423702918,-12.54913093546195,0.0
39,3.5910588166045976,9.371005348402583,0.0,-4.014679999058313,0.0,-6.873171086375862,0.0,-0.37190964604736365,-2.2272133538583816,0.41753338290000386,0.0,4.140893418055391,2.748035973381402,0.0,-2.9380332674952214,0.0,-4.62960887655175,0.0,-2.4710207164577724,0.0,1.607270420732565,0.0,2.7877814406513046,7.08242790907585,0.0,-1.145307652234706,0.0,-7.660784405336152,0.0,-0.580264887892934,-3.8861829046080487,-0.9089038478488298,0.0,2.9068346420547897,2.1112695948025006,0.0,-1.79075465028804,0.0,-5.917533014648857,0.6462141071891914,-3.805521460383954,-3.8866933615254062,8.203435953666194,0.0,2.906845228954058,2.1112624722036344,0.0,-1.7907558684048475,0.0,-5.917534480178688,0.6462056993997933,-3.8055032694765956,-3.8866971717490983,8.203460018096997,0.0
40,3.4580175208836827,-0.6249803671879661,0.0,-7.455323469459874,-2.4964058474107986,2.9674425492198786,0.0,-6.734877661236194,0.0,-7.94176644830511,0.0,0.0,-0.43371958766957874,0.0,-5.069440974451744,-2.124254445471241,0.835511635929187,0.0,-3.9175910468129516,1.1206715288076374,-6.86301925569337,0.0,0.0,3.90390755565333,0.0,-5.720705759507094,-3.847118013998063,1.3505722561288458,0.0,-8.300270808098276,0.0,-4.605727484461131,0.0,0.0,1.3587657728855618,0.0,-6.282238314592448,-2.506982875858732,2.331935045816902,0.0,-9.612065752724419,5.473876167988756,-11.640369359058145,0.0,0.0,1.3587608881873159,0.0,-6.282237188452999,-2.5069814673299717,2.331934796299251,0.0,-9.612059007785057,5.473892045596163,-11.640385250773466,0.0
41,0.0,-3.9255738043779687,-0.33592966294184734,-7.002049566817714,0.30876822887808686,0.0990010579663192,-3.5608531987811,-1.5133371331682355,-4.395962814947829,-0.3251083365337415,0.0,0.0,-2.998174073648041,0.0,-4.72811368073307,0.0,-2.166858766907609,-0.7186442307801855,0.219569044032486,-4.522838619760705,-2.50558682386659,0.0,0.0,-1.1689167813245582,0.0,-7.826006088869075,0.0,0.03392977125864505,-5.2597359878182814,-2.690621036962515,-0.7766339870274308,-3.2226891726033102,0.0,0.0,-1.82240594429679,0.0,-5.696575127108794,0.0,-4.04592974416893,-2.954704624592175,3.968222843028091,-6.4863840461155675,0.28756234927138635,0.0,0.0,-1.8224071186241808,0.0,-5.6965807060307405,0.0,-4.04591669654204,-2.9547055640564146,3.968242804793931,-6.4863977863077515,0.2875668635090811,0.0
42,0.0,-6.832112339795682,-3.814105282847713,3.6418297472644134,0.0,-6.832310964914434,0.15328083067567277,-6.803736729933263,0.0,-2.225040406684986,0.0,0.0,-5.064460485486855,-2.2299803396170326,0.8870983221544115,0.0,-3.9957932459481427,1.2219964669808903,-7.2714230978067285,0.0,-3.521436910163178,0.0,0.0,-5.575950460418255,-4.262292017540847,1.5576290236407608,0.0,-8.369829688687158,0.0,-5.01084575487738,0.0,-0.9524695709675068,0.0,0.0,-6.372385016975635,-2.2981529076872675,2.2243548106799516,0.0,-9.482974701369251,5.246903887511589,-9.160881722598191,0.0,-0.37820431006814204,0.0,0.0,-6.372383359153044,-2.298152585712998,2.2243551108267035,0.0,-9.482968569065164,5.246920918323905,-9.160893777924617,0.0,-0.3782153358194762,0.0
43,-0.33518000126582237,-6.922891396565944,0.308282466980625,0.09784371016587912,-3.521735773903867,-1.4916534707148266,-4.344192174861483,-2.0009816453696594,0.0,1.630035085149828,0.0,0.0,-4.721808710901598,0.0,-2.11578708772997,-0.8141700439854738,0.3160330208024753,-4.615251960012845,-4.032403125207473,0.0,-0.40499791347290426,0.0,-0.0969631164193352,-7.707895575511525,0.0,0.28630117179782033,-5.729413208374723,-2.123824462401025,-1.3184206902551843,-3.2023417096941564,0.0,2.1686042073006284,0.0,0.0,-5.899866415795252,0.4285774637683204,-3.875056254167486,-3.714254495275515,4.721861772612801,-7.244404697926754,-0.6268225141064399,0.0,-2.15170873584567,0.0,0.0,-5.899867164577266,0.42856769834296315,-3.8750376574443024,-3.714257026332035,4.72188322217626,-7.244419972397953,-0.6268246158517066,0.0,-2.1517071283771116,0.0
44,-3.519684189877026,3.4539043886750775,0.0,-6.602272992589153,0.0,-6.564012982104739,0.0,-0.49864787934801313,0.0,1.5527692741756027,0.0,-2.1350185462131854,0.8417373072987289,0.0,-3.9134022104996724,1.1353437259690402,-7.148021505471203,0.0,-2.876575587607366,0.0,0.17263584073585747,0.0,-3.9859398939886326,1.424459277306056,0.0,-8.254539726998278,0.0,-4.9371317600048314,0.0,0.2980560374254537,0.0,-5.456201572757857,0.0,-2.484922836230563,2.3182322502326436,0.0,-9.579545533207856,5.443012196958552,-9.252091635010373,0.0,-0.792497036760853,0.0,-7.522480680339294,0.0,-2.4849241276147183,2.3182333689240053,0.0,-9.579540294511268,5.443030904397439,-9.252104510957526,0.0,-0.7925034285500843,0.0,-7.522473579773781,0.0
45,0.25655297012852074,0.09741432456529253,-3.454053851805128,-1.5367869065608275,-4.2686555106995705,-2.0182272339810403,0.0,1.5765906338457647,0.0,-8.601227357596652,0.0,0.0,-2.17014672264364,-0.7599363976219742,0.2561781374549099,-4.60244735460984,-4.112932472668707,0.0,-0.6250282430723786,0.0,-10.720853241624573,0.0,0.0,0.213544257862619,-5.601205351939953,-2.2912888891002403,-1.163273145225574,-3.297825961245593,0.0,-0.13334481412501376,-1.985294371543489,-10.008367634625026,0.0,0.4405210700257456,-3.89517339331249,-3.7447718472421343,4.757685682594648,-7.294535671705749,-0.6250228024248017,0.0,-5.633653543737527,0.0,-5.914635711241845,0.0,0.4405128007482162,-3.8951548348466147,-3.7447761694926918,4.75770905755164,-7.294552971525636,-0.6250241015441915,0.0,-5.63365095451811,0.0,-5.914648483732332,0.0
46,0.0,-6.627178518797727,0.0,-6.590465834831072,0.0,-0.5007295780965926,0.0,-0.4852071784165801,-4.339803090596295,1.6226661348436977,0.0,0.0,-3.3593899391225257,0.0,-6.613558237155193,0.0,-2.8910548585796114,0.0,-2.0176206769105143,-5.818830649871831,6.243904513965592,0.0,0.0,-8.221760175657344,0.0,-4.916198619297951,0.0,0.29676290015352436,0.0,-7.102227912551395,-4.075769372439009,8.666983706044018,0.0,0.0,-10.209899898499408,6.752566792151438,-9.841242983633514,0.0,-0.7867822137431091,0.0,-8.617549720924123,0.0,9.120327965548158,0.0,0.0,-10.209895995893437,6.752587417272871,-9.84125689351929,0.0,-0.7867885835366906,0.0,-8.617549787149326,0.0,9.120332256114505,0.0
47,-3.889262079003597,-1.0135550756580791,-4.7146811039920244,-1.7223093060315442,0.0,1.5506245311367017,0.0,-6.570606926847322,0.0,8.022696737113488,0.0,0.0,-0.704349574820462,-3.31194448706178,-4.623356995080474,0.0,-0.610204760115618,0.0,-7.6447492271048745,3.0418766452978474,7.03589842662522,0.0,-3.7614272709842744,-3.662392142422899,0.0,-3.7741692006488137,0.0,-1.0658646544227324,-0.04708436153020301,-7.115520546964271,3.385305349621337,7.68867200668093,0.0,-3.2677834450073995,4.255945676596351,-6.7178036723531065,-0.803713675934592,0.0,-5.470407331405092,0.0,-1.3990485451450319,1.5671103869689063,3.514756293756438,0.0,-3.2677839784638785,4.2559648517974225,-6.717816992392844,-0.8037169324784266,0.0,-5.470405027822345,0.0,-1.399055893605361,1.5671117704244786,3.514744312406304,0.0
48,0.0,-6.388528561129991,0.0,-0.4848532189934751,0.0,-0.7480752112544842,-3.6305066764533045,3.590819161772263,1.5483973946134988,0.4742642244163875,0.0,0.0,-6.486942973860632,0.0,-2.8330744361389826,0.0,-2.195134170209734,-5.244374331025892,8.080636962582055,0.0,2.3269857781174963,0.0,0.0,-4.790896919032939,0.0,0.2890277403880148,0.0,-7.153423473484066,-3.465464595675405,9.95563443025036,0.8337515764893944,2.6093359381848202,0.0,7.083265582532938,-9.865228148035587,0.0,-0.769825114738687,0.0,-8.423024451841066,0.0,8.625626649916462,0.0,5.083935575983034,0.0,7.083280786232127,-9.865239577958373,0.0,-0.7698313756087316,0.0,-8.423024835462689,0.0,8.62562281870427,0.0,5.083943554999504,0.0
49,-5.41878811562464,-1.305637080512323,0.0,1.5293305528617296,0.0,-6.4780997313671485,0.0,7.038638344551007,0.0,1.6894642305235408,0.0,-3.447000138952827,-4.482636821698716,0.0,-0.6029769839634547,0.0,-7.649616562281647,3.198870511177443,6.941527881772647,0.0,-1.0468555815237757,0.0,-0.43059957285009887,-3.5127954815914464,0.0,-0.4860036738024043,-1.1831942696459485,-7.064904399111516,4.540391600221483,7.440061131768516,0.0,0.7231465512277602,0.0,-6.690142519052156,-0.7894840233747757,0.0,-5.431598576773844,0.0,-1.3981725725838778,1.5742570613483053,6.169405553802498,0.0,-1.7567579972212144,0.0,-6.690153332418092,-0.7894884980060191,0.0,-5.431596275087536,0.0,-1.3981785229201904,1.5742557703389615,6.16940325694495,0.0,-1.756757999029901,0.0
50,0.0,-0.4795311813992065,0.0,-0.695672645659684,-3.679448643908856,3.5518822643090253,1.6190233013146482,1.7036313160219585,0.0,0.4494645353699589,0.0,0.0,-2.783160455722822,0.0,-1.9569331629066156,-5.554170676054593,8.094259677878934,0.09308854773673048,1.6819122742099069,0.0,-0.7010215591587432,0.0,0.0,0.288826327355185,0.0,-7.0943151653868775,-3.5726572243510724,9.953594829421153,0.9338989565168099,2.7028260032170515,0.0,1.1287446847716431,0.0,1.7816883442313802,-1.6489316862132064,0.0,-8.334031446352563,0.0,8.534583091108727,0.0,3.741604344863614,-1.7616164130203948,1.5871947508125928,0.0,1.7816912907004934,-1.6489393215533887,0.0,-8.334031565966038,0.0,8.534579032515888,0.0,3.741609405371449,-1.7616186604737294,1.5871955572759333,0.0
51,-1.1980834377160576,2.1319046992301693,0.0,-7.238025585908492,1.4991358369238483,6.300058815365883,0.0,1.2809024573924077,0.0,1.5653030220543762,0.0,0.0,-0.5989168997479588,0.0,-8.396937757704492,4.74681085057691,6.1242934254028825,0.0,-1.110440879864072,0.0,2.7023235311023797,0.0,0.0,-0.20383615556429646,-1.7626834199536923,-7.123666621678737,5.170331542210604,7.182277552673089,0.0,1.220042718023162,0.0,1.5688676280766423,0.0,0.0,-4.738668812876501,-1.3416396572089262,-2.158848587960982,4.4050558215628755,4.649937648079039,0.18808015907936237,-0.38271242913632264,0.0,1.2289193533824516,0.0,0.0,-4.738670505326947,-1.3416312847454925,-2.15886147354043,4.4050599721836114,4.649927702473633,0.18808968385410907,-0.38271530696514233,0.0,1.228925208932008,0.0
52,0.0,-0.6908134539930444,-3.7023516262088663,3.5612433203525917,1.636196720288563,1.7013160356615487,0.0,1.4342939439250024,0.0,-2.7237346203753177,0.0,0.0,-2.0794855735850604,-5.3068778774453484,8.016369819255242,0.0,1.7292471014209276,0.0,0.6865785713266348,0.0,-4.152827941732706,0.0,0.0,-7.108177699144402,-3.56484061512905,9.964412586720606,0.9238706268598129,2.7111978266799674,0.0,1.670441585681104,0.0,-4.916524296434321,0.0,0.0,-8.064903096989395,-0.5436339368201981,8.809142140589987,0.0,4.292805536451283,-2.8754260238548213,2.044831016348425,0.0,-5.719332694487633,0.0,0.0,-8.064898356872252,-0.5436438165195234,8.809143102389694,0.0,4.292811779060113,-2.875430636694709,2.0448350851539843,0.0,-5.719344931476655,0.0
53,0.0,-7.149508662623205,1.350661388370611,6.358867861007056,0.0,1.278304953798859,0.0,0.5038006722093868,-1.5823640972649322,-3.6913809657894703,0.0,0.0,-8.073817353356283,4.141190047684518,6.401421108327998,0.0,-1.108045928504442,0.0,0.7942901491751364,-1.6679551682304172,-3.4605585476667144,0.0,-1.1658481917661945,-7.067664582126865,4.523725951592761,7.45272711340359,0.0,1.2147015412909745,0.0,-0.9249364971202212,-0.3815836834139219,-3.5317337684386274,0.0,-0.8316284619965586,-2.143471541922981,3.8778939403631085,4.971878536189678,0.0,-0.2874954322109602,0.0,-1.5121760545876661,0.0,-1.1131651689401778,0.0,-0.8316192732710448,-2.1434842937785525,3.877897132053043,4.9718737335710195,0.0,-0.287493555945062,0.0,-1.5121770252507716,0.0,-1.1131597978718766,0.0
54,-3.661243390418445,3.5619753238721685,1.595277252694416,1.7226247788500793,0.0,1.4348608226775639,0.0,-4.0085585167846105,0.0,-0.2604176762862842,0.0,-5.366000679539251,8.057901005139279,0.0,1.732749790841126,0.0,0.6879525303240541,0.0,-4.901462566930004,0.0,-0.5153366446166707,0.0,-3.699842459621383,9.971277146371804,1.0475853570196314,2.649749291119896,0.0,1.6704950204077917,0.0,-5.403531932408789,0.0,0.4171304476626503,0.0,-0.12849985716254508,8.600195507643305,0.0,4.109606402027399,-2.504695077527863,1.8569055938705503,0.0,-4.855146244353836,0.0,-0.6480222906006361,0.0,-0.12850654144407336,8.600194800101368,0.0,4.109611213640374,-2.504696823395136,1.856908202825025,0.0,-4.8551520201776555,0.0,-0.6480166584426073,0.0
55,1.273170148118652,6.402281736232318,0.0,1.2791631639293755,0.0,0.4682081700117635,-1.5110070467480696,-3.2045273558505727,0.0,3.9013844590143343,0.0,4.178248110738725,6.430208588298303,0.0,-1.1139748079768808,0.0,0.8045617931204063,-1.6890653538014888,-3.357457748349457,0.0,7.196543414397816,0.0,5.40712058904278,7.042173929188422,0.0,1.2170960979028145,0.0,-0.5325880759973423,-1.1737567459301879,-2.688673777340611,0.0,4.876495057478536,0.0,4.804395124074912,4.299623031648725,0.5462169782252779,-0.5624264376643318,0.0,-1.1503242478047682,-0.748409936908434,-1.493392685517403,0.0,7.895949248471901,0.0,4.804397007979544,4.299615150268643,0.5462244515507919,-0.562428275483029,0.0,-1.1503224799262135,-0.748415470309105,-1.4933848257228988,0.0,7.895942916651677,0.0
56,3.4013195908671356,0.877062753999347,0.0,1.4606607294814111,0.0,-4.081590518871803,0.0,1.1018317693960888,0.7049976298145744,9.256980939569459,0.0,1.2002695096286153,1.1407800544977142,0.0,0.6904487772397161,0.0,-4.919629471042697,0.0,1.0689430456516824,3.969004604092685,4.807508264972515,0.0,2.198796099721445,2.045990675654341,0.0,1.653619051169919,0.0,-5.347919599552142,0.0,1.4627168547853842,2.3265459974931346,4.909203575232013,0.0,0.0,3.047963475794635,-0.4536477853617882,0.8148494594989231,0.0,-4.780791172998899,0.0,1.3708916564237228,4.659165392635867,0.6906392093642744,0.0,0.0,3.0479708402730843,-0.4536545369804301,0.814854564342582,0.0,-4.780797042920071,0.0,1.3708977031114067,4.659158790007378,0.6906526642636912,0.0
57,0.0,1.2799175991961675,0.0,-0.28460837896417956,0.0,-3.9652605265977137,0.0,5.756765155133525,4.252267502932217,-1.361167980325373,0.0,0.0,-1.1102434660678284,0.0,1.4008117379714413,-2.895141572201343,-2.733037379799441,0.0,8.453371865598314,0.7698100985342293,-0.39763736490545654,0.0,0.0,1.2091642023426274,0.0,0.17331851194288816,-2.5842595837798576,-1.9549770636964503,0.0,6.221855708598234,1.17717500013379,2.225320993529145,0.0,1.8745391826078261,-1.2219821335365033,0.0,-0.47593654721147516,-2.1005946241918316,-0.8086059162372372,0.0,7.281465832921441,0.0,2.0021084087639807,0.0,1.8745475176407567,-1.2219843764793126,0.0,-0.4759343625670098,-2.100601026263771,-0.8085976048867849,0.0,7.281465972470436,0.0,2.002097962439109,0.0
58,0.033899661901948264,1.4453072554776902,0.0,-4.083676145592374,-0.004860578536547422,1.0468380030385305,0.8226583783694785,8.024370328008334,-0.7433695229032367,1.1201982693018309,0.0,0.0,0.6921142238379474,0.0,-4.9317516538683215,0.0,1.0986834019540481,3.925663737971341,4.019818503935824,0.0,0.20449440342948932,0.0,0.0,1.6678400724911668,0.0,-5.394781504767643,0.0,1.2751624107374404,2.7431467914071916,5.2004220239174614,0.0,1.8105759274743782,0.0,-0.46471336532540874,0.8266105487262365,0.0,-4.832435285899539,0.0,1.382739166566349,4.715120315461174,2.0066614947507944,0.0,2.036226425504317,0.0,-0.4647221820783365,0.8266166861440105,0.0,-4.832441047608604,0.0,1.382744195792096,4.715115497724565,2.0066654864622,0.0,2.036223821755545,0.0
